<?xml version="1.0" encoding="UTF-8" ?>
<!DOCTYPE mapper PUBLIC "-//mybatis.org//DTD Mapper 3.0//EN" "http://mybatis.org/dtd/mybatis-3-mapper.dtd" >
<mapper namespace="com.imopan.adv.platform.mapper.FactShortUrlMapper" >
  <resultMap id="BaseResultMap" type="com.imopan.adv.platform.entity.FactShortUrl" >
    <id column="ID" property="id" jdbcType="INTEGER" />
    <result column="ORIGNAL_URL" property="orignalUrl" jdbcType="VARCHAR" />
    <result column="SHORT_URL" property="shortUrl" jdbcType="VARCHAR" />
    <result column="CREATE_TIME" property="createTime" jdbcType="TIMESTAMP" />
  </resultMap>
  <sql id="Example_Where_Clause" >
    <where >
      <foreach collection="oredCriteria" item="criteria" separator="or" >
        <if test="criteria.valid" >
          <trim prefix="(" suffix=")" prefixOverrides="and" >
            <foreach collection="criteria.criteria" item="criterion" >
              <choose >
                <when test="criterion.noValue" >
                  and ${criterion.condition}
                </when>
                <when test="criterion.singleValue" >
                  and ${criterion.condition} #{criterion.value}
                </when>
                <when test="criterion.betweenValue" >
                  and ${criterion.condition} #{criterion.value} and #{criterion.secondValue}
                </when>
                <when test="criterion.listValue" >
                  and ${criterion.condition}
                  <foreach collection="criterion.value" item="listItem" open="(" close=")" separator="," >
                    #{listItem}
                  </foreach>
                </when>
              </choose>
            </foreach>
          </trim>
        </if>
      </foreach>
    </where>
  </sql>
  <sql id="Update_By_Example_Where_Clause" >
    <where >
      <foreach collection="example.oredCriteria" item="criteria" separator="or" >
        <if test="criteria.valid" >
          <trim prefix="(" suffix=")" prefixOverrides="and" >
            <foreach collection="criteria.criteria" item="criterion" >
              <choose >
                <when test="criterion.noValue" >
                  and ${criterion.condition}
                </when>
                <when test="criterion.singleValue" >
                  and ${criterion.condition} #{criterion.value}
                </when>
                <when test="criterion.betweenValue" >
                  and ${criterion.condition} #{criterion.value} and #{criterion.secondValue}
                </when>
                <when test="criterion.listValue" >
                  and ${criterion.condition}
                  <foreach collection="criterion.value" item="listItem" open="(" close=")" separator="," >
                    #{listItem}
                  </foreach>
                </when>
              </choose>
            </foreach>
          </trim>
        </if>
      </foreach>
    </where>
  </sql>
  <sql id="Base_Column_List" >
    ID, ORIGNAL_URL, SHORT_URL, CREATE_TIME
  </sql>
  <select id="selectByExample" resultMap="BaseResultMap" parameterType="com.imopan.adv.platform.entity.example.FactShortUrlExample" >
    select
    <if test="distinct" >
      distinct
    </if>
    <include refid="Base_Column_List" />
    from fact_short_url
    <if test="_parameter != null" >
      <include refid="Example_Where_Clause" />
    </if>
    <if test="orderByClause != null" >
      order by ${orderByClause}
    </if>
    <if test="start != null and pageSize != null" >
      limit #{start}, #{pageSize}
    </if>
  </select>
  <select id="selectByPrimaryKey" resultMap="BaseResultMap" parameterType="java.lang.Integer" >
    select 
    <include refid="Base_Column_List" />
    from fact_short_url
    where ID = #{id,jdbcType=INTEGER}
  </select>
  <delete id="deleteByPrimaryKey" parameterType="java.lang.Integer" >
    delete from fact_short_url
    where ID = #{id,jdbcType=INTEGER}
  </delete>
  <delete id="deleteByExample" parameterType="com.imopan.adv.platform.entity.example.FactShortUrlExample" >
    delete from fact_short_url
    <if test="_parameter != null" >
      <include refid="Example_Where_Clause" />
    </if>
  </delete>
  <insert id="insert" parameterType="com.imopan.adv.platform.entity.FactShortUrl" >
    insert into fact_short_url (ID, ORIGNAL_URL, SHORT_URL, 
      CREATE_TIME)
    values (#{id,jdbcType=INTEGER}, #{orignalUrl,jdbcType=VARCHAR}, #{shortUrl,jdbcType=VARCHAR}, 
      #{createTime,jdbcType=TIMESTAMP})
  </insert>
  <insert id="insertSelective" parameterType="com.imopan.adv.platform.entity.FactShortUrl" >
    insert into fact_short_url
    <trim prefix="(" suffix=")" suffixOverrides="," >
      <if test="id != null" >
        ID,
      </if>
      <if test="orignalUrl != null" >
        ORIGNAL_URL,
      </if>
      <if test="shortUrl != null" >
        SHORT_URL,
      </if>
      <if test="createTime != null" >
        CREATE_TIME,
      </if>
    </trim>
    <trim prefix="values (" suffix=")" suffixOverrides="," >
      <if test="id != null" >
        #{id,jdbcType=INTEGER},
      </if>
      <if test="orignalUrl != null" >
        #{orignalUrl,jdbcType=VARCHAR},
      </if>
      <if test="shortUrl != null" >
        #{shortUrl,jdbcType=VARCHAR},
      </if>
      <if test="createTime != null" >
        #{createTime,jdbcType=TIMESTAMP},
      </if>
    </trim>
  </insert>
  <select id="countByExample" parameterType="com.imopan.adv.platform.entity.example.FactShortUrlExample" resultType="java.lang.Integer" >
    select count(*) from fact_short_url
    <if test="_parameter != null" >
      <include refid="Example_Where_Clause" />
    </if>
  </select>
  <update id="updateByExampleSelective" parameterType="map" >
    update fact_short_url
    <set >
      <if test="record.id != null" >
        ID = #{record.id,jdbcType=INTEGER},
      </if>
      <if test="record.orignalUrl != null" >
        ORIGNAL_URL = #{record.orignalUrl,jdbcType=VARCHAR},
      </if>
      <if test="record.shortUrl != null" >
        SHORT_URL = #{record.shortUrl,jdbcType=VARCHAR},
      </if>
      <if test="record.createTime != null" >
        CREATE_TIME = #{record.createTime,jdbcType=TIMESTAMP},
      </if>
    </set>
    <if test="_parameter != null" >
      <include refid="Update_By_Example_Where_Clause" />
    </if>
  </update>
  <update id="updateByExample" parameterType="map" >
    update fact_short_url
    set ID = #{record.id,jdbcType=INTEGER},
      ORIGNAL_URL = #{record.orignalUrl,jdbcType=VARCHAR},
      SHORT_URL = #{record.shortUrl,jdbcType=VARCHAR},
      CREATE_TIME = #{record.createTime,jdbcType=TIMESTAMP}
    <if test="_parameter != null" >
      <include refid="Update_By_Example_Where_Clause" />
    </if>
  </update>
  <update id="updateByPrimaryKeySelective" parameterType="com.imopan.adv.platform.entity.FactShortUrl" >
    update fact_short_url
    <set >
      <if test="orignalUrl != null" >
        ORIGNAL_URL = #{orignalUrl,jdbcType=VARCHAR},
      </if>
      <if test="shortUrl != null" >
        SHORT_URL = #{shortUrl,jdbcType=VARCHAR},
      </if>
      <if test="createTime != null" >
        CREATE_TIME = #{createTime,jdbcType=TIMESTAMP},
      </if>
    </set>
    where ID = #{id,jdbcType=INTEGER}
  </update>
  <update id="updateByPrimaryKey" parameterType="com.imopan.adv.platform.entity.FactShortUrl" >
    update fact_short_url
    set ORIGNAL_URL = #{orignalUrl,jdbcType=VARCHAR},
      SHORT_URL = #{shortUrl,jdbcType=VARCHAR},
      CREATE_TIME = #{createTime,jdbcType=TIMESTAMP}
    where ID = #{id,jdbcType=INTEGER}
  </update>
  <insert id="insertBatch" parameterType="map" >
    insert into fact_short_url
    (<include refid="Base_Column_List" />)
    values
    <foreach collection="list" item="item" index="index" separator="," >
      (
      #{item.id},#{item.orignalUrl},#{item.shortUrl},#{item.createTime}
      )
    </foreach>
  </insert>
</mapper>