<?xml version="1.0" encoding="UTF-8"?>  
<!DOCTYPE generatorConfiguration  
  PUBLIC "-//mybatis.org//DTD MyBatis Generator Configuration 1.0//EN"  
  "http://mybatis.org/dtd/mybatis-generator-config_1_0.dtd">

<generatorConfiguration>
	
	<classPathEntry location="D:/Java/mysql-connector-java-5.1.15/mysql-connector-java-5.1.15-bin.jar" 
		/>

	<context id="MySQLTables" targetRuntime="MyBatis3">

		<plugin type="org.mybatis.generator.plugins.MapperConfigPlugin">
			<property name="fileName" value="MapperConfig.xml" />
			<property name="targetPackage" value="config" />
			<property name="targetProject" value="src/main/resource" />
		</plugin>
		
		<plugin type="com.feinno.mybatis.plugins.ExampleClassPathPlugin">			 
             <property name="enableExamplePath" value="true" />
             <property name="extendExample" value="com.feinno.fdc.report.report.module.example.BaseExample" />
		</plugin>
		
		<plugin type="org.mybatis.generator.plugins.EqualsHashCodePlugin" />
		
		<commentGenerator>
			<!-- 关闭注解信息 -->
			<property name="suppressAllComments" value="true"/>
			<property name="suppressDate" value="true" />
		</commentGenerator>
		 
		<jdbcConnection driverClass="com.mysql.jdbc.Driver"
			connectionURL="jdbc:mysql://192.168.251.149:3306/c8" 
			userId="userc8"
			password="c8test">
		</jdbcConnection>

		<javaModelGenerator targetPackage="com.feinno.fdc.report.report.module.at"
			targetProject="src/main/java">
			<property name="enableSubPackages" value="true" />
			<property name="trimStrings" value="true" />
		</javaModelGenerator>

		<sqlMapGenerator targetPackage="com.feinno.fdc.report.report.module.at"
			targetProject="src/main/resource">
			<property name="enableSubPackages" value="true" />
		</sqlMapGenerator>

		<javaClientGenerator type="XMLMAPPER"
			targetPackage="com.feinno.fdc.report.report.persistence.mapper.at"
			targetProject="src/main/java">
			<property name="enableSubPackages" value="true" />

			<property name="enableCountByExample" value="true" />
			<property name="enableSelectByPrimaryKey" value="true" />
			<property name="enableDeleteByPrimaryKey" value="true" />
		</javaClientGenerator>
		
		
		
		<!-- <table tableName="DIM_AT_DATA_TYPE" domainObjectName="DimDataType">
        </table>
        
        <table tableName="DIM_AT_REPORT_CLASS" domainObjectName="DimReportClass">
        </table>
        
        <table tableName="DIM_AT_RANGE_TYPE" domainObjectName="DimRangeType">
        </table>
        
        <table tableName="DIM_AT_RANGE_LIST" domainObjectName="DimRangeList">
        </table>
        
        
        
        <table tableName="PARA_AT_CLIENT_MAP" domainObjectName="ParaClientMap">
        </table>
        
        <table tableName="DIM_AT_CLIENT_VERSION" domainObjectName="DimClientVersion">
        </table>
        
        <table tableName="A_AT_ITEM_DETAIL" domainObjectName="AItemDetail">
        </table>
        <table tableName="A_AT_REPORT_CONTENT" domainObjectName="AReportContent">
        </table>
        
        <table tableName="DIM_AT_ITEM_GROUP" domainObjectName="DimItemGroup">
        </table>
        <table tableName="DIM_AT_ITEM_CORE_NEW" domainObjectName="DimItemCoreNew">
        </table>
        <table tableName="DIM_AT_ITEM_RANGE" domainObjectName="DimItemRange">
        </table>
        
        
        
        <table tableName="DIM_AT_ITEM_VERSION" domainObjectName="DimItemVersion">
        </table>
        <table tableName="DIM_AT_ITEM_DETAIL" domainObjectName="DimItemDetail">
        </table>
        
        
        <table tableName="DIM_AT_RPT_DATE" domainObjectName="DimRptDate">
        </table> -->
        
        <!-- <table tableName="PARA_AT_ITEM_MAP" domainObjectName="ParaItemMap">
        </table> -->
        
        <!-- <table tableName="A_AT_ITEM_DETAIL" domainObjectName="AItemDetail">
        </table> -->
        
        <!-- <table tableName="A_AT_ITEM_DETAIL_SYNC" domainObjectName="AItemDetailSync">
        </table> -->
        
       <!--  <table tableName="DIM_AT_REPORT_CLASS" domainObjectName="DimReportClass">
        </table> -->
        
        <!-- <table tableName="RPT_ACTION_ERROR" domainObjectName="RptActionError">
        </table>
        <table tableName="RPT_ACTION_RANGE_PC" domainObjectName="RptActionRangePc">
        </table>
        <table tableName="RPT_ACTION_TIMES_PC" domainObjectName="RptActionTimesPc">
        </table>
        <table tableName="RPT_TIMES_GRAPH_PC" domainObjectName="RptTimesGraphPc">
        </table>
        <table tableName="RPT_TIMES_PC" domainObjectName="RptTimesPc">
        </table> -->
        
        <!-- <table tableName="DIM_AT_REPORT_CLASS" domainObjectName="DimReportClass">
        </table>
        
        <table tableName="A_AT_ITEM_DETAIL_SYNC" domainObjectName="AItemDetailSync">
        </table>
        
        <table tableName="A_AT_ITEM_MAP" domainObjectName="AItemMap">
        </table>
        
        <table tableName="A_AT_REPORT_CONTENT" domainObjectName="AReportContent">
        </table>
        
        <table tableName="DIM_AT_ITEM_GROUP" domainObjectName="DimItemGroup">
        </table> -->
        
        
        <!-- <table tableName="DIM_AT_REPORT_CLASS" domainObjectName="DimReportClass">
        </table>
        
        <table tableName="DIM_AT_CLASS_VERSION_LINK" domainObjectName="DimClassVersionLink">
        </table>
        
        <table tableName="DIM_AT_REPORT_VERSION_LINK" domainObjectName="DimReportVersionLink">
        </table> -->
        
       <!--  <table tableName="A_AT_ITEM_DETAIL_SYNC" domainObjectName="AItemDetailSync">
        </table>
        
        <table tableName="DIM_AT_ITEM_DETAIL" domainObjectName="DimItemDetail">
        </table>
        
        <table tableName="DIM_AT_ITEM_VERSION" domainObjectName="DimItemVersion">
        </table> -->
        
        <!-- <table tableName="DIM_AT_RPT_DATE" domainObjectName="DimRptDate">
        </table> -->
        
        <!-- <table tableName="DIM_AT_ITEM_CORE_NEW" domainObjectName="DimItemCoreNew">
        </table> -->
        
        <!-- <table tableName="DIM_AT_ITEM_VERSION" domainObjectName="DimItemVersion">
        </table>
        
        <table tableName="A_AT_ITEM_MAP" domainObjectName="AItemMap">
        </table>
        
        <table tableName="DIM_AT_ITEM_DETAIL" domainObjectName="DimItemDetail">
        </table>
        
        <table tableName="DIM_AT_ITEM_GROUP" domainObjectName="DimItemGroup">
        </table> -->
        
        <!-- <table tableName="RPT_ACTION_ERROR" domainObjectName="RptActionError">
        </table>
        <table tableName="RPT_ACTION_RANGE_PC" domainObjectName="RptActionRangePc">
        </table>
        <table tableName="RPT_ACTION_TIMES_PC" domainObjectName="RptActionTimesPc">
        </table> -->
        
        <table tableName="RPT_TIMES_GRAPH_PC" domainObjectName="RptTimesGraphPc">
        </table>
        <table tableName="RPT_TIMES_PC" domainObjectName="RptTimesPc">
        </table>
        		
	</context>
</generatorConfiguration> 