<?xml version="1.0" encoding="UTF-8" ?>
<!DOCTYPE configuration
    PUBLIC "-//mybatis.org//DTD Config 3.0//EN"
    "http://mybatis.org/dtd/mybatis-3-config.dtd">
<configuration>
	<environments default="development">
		<environment id="development">
			<transactionManager type="JDBC" />
			<!--<dataSource type="POOLED">
				<property name="driver" value="com.mysql.jdbc.Driver" />
				<property name="url" value="jdbc:mysql://localhost:3306/ssm" />
				<property name="username" value="root" />
				<property name="password" value="root" />
			</dataSource>-->
			<dataSource type="POOLED">
				<property name="driver" value="com.ibm.db2.jcc.DB2Driver" />
				<property name="url" value="jdbc:db2://192.168.110.41:50000/report" />
				<property name="username" value="appuser" />
				<property name="password" value="appuser" />
			</dataSource>
		</environment>
	</environments>
	<mappers>
		<!--<mapper resource="test/dao/PetMapper.xml" />-->
		<!--<mapper resource="com/feinno/fdc/report/framework/module/MyuserMapper.xml" />-->
	</mappers>
</configuration>
