<?xml version="1.0" encoding="UTF-8"?>  
<!DOCTYPE generatorConfiguration  
  PUBLIC "-//mybatis.org//DTD MyBatis Generator Configuration 1.0//EN"  
  "http://mybatis.org/dtd/mybatis-generator-config_1_0.dtd">

<generatorConfiguration>
	
	<classPathEntry location="D:/Java/mysql-connector-java-5.1.15/mysql-connector-java-5.1.15-bin.jar" 
		/>

	<context id="MySQLTables" targetRuntime="MyBatis3">

		<plugin type="org.mybatis.generator.plugins.MapperConfigPlugin">
			<property name="fileName" value="MapperConfig.xml" />
			<property name="targetPackage" value="config" />
			<property name="targetProject" value="src/main/resource" />
		</plugin>
		
		<plugin type="com.feinno.mybatis.plugins.ExampleClassPathPlugin">			 
             <property name="enableExamplePath" value="true" />
             <property name="extendExample" value="com.imopan.adv.common.entity.example.BaseExample" />
		</plugin>
		
		<plugin type="com.feinno.mybatis.plugins.InsertBatchPlugin">			 
             <property name="enable" value="true" />
             
             <property name="targetProject" value="src/main/java" />
             <property name="targetPackage" value="com.imopan.adv.platform.business.impl" />
             
             <property name="extendModule" value="com.imopan.adv.common.entity.PersistentObject" /> 
             
             <property name="extendManager" value="com.imopan.adv.common.business.BaseManager" />             
             <property name="extendBLOBsManager" value="com.imopan.adv.common.business.BaseBLOBsManager" />
             
             <property name="extendMapper" value="com.imopan.adv.common.mapper.BaseMapper" />
             <property name="extendBLOBsMapper" value="com.imopan.adv.common.mapper.BaseBLOBsMapper" />
		</plugin>
		
		<plugin type="org.mybatis.generator.plugins.EqualsHashCodePlugin" />
		
		<commentGenerator>
			<!-- 关闭注解信息 -->
			<property name="suppressAllComments" value="true"/>
			<property name="suppressDate" value="true" />
		</commentGenerator>
		 
		<jdbcConnection driverClass="com.mysql.jdbc.Driver"
			connectionURL="jdbc:mysql://192.168.1.54:3306/adv_platform" 
			userId="root"
			password="an23451234">
		</jdbcConnection>
		
		<javaModelGenerator targetPackage="com.imopan.adv.platform.entity"
			targetProject="src/main/java">
			<property name="enableSubPackages" value="true" />
			<property name="trimStrings" value="true" />
		</javaModelGenerator>

		<sqlMapGenerator targetPackage="com.imopan.adv.platform.entity"
			targetProject="src/main/resource">
			<property name="enableSubPackages" value="true" />
		</sqlMapGenerator>

		<javaClientGenerator type="XMLMAPPER"
			targetPackage="com.imopan.adv.platform.mapper"
			targetProject="src/main/java">
			<property name="enableSubPackages" value="true" />

			<property name="enableCountByExample" value="true" />
			<property name="enableSelectByPrimaryKey" value="true" />
			<property name="enableDeleteByPrimaryKey" value="true" />
		</javaClientGenerator>
		
		
		<!-- <table tableName="ads_group" domainObjectName="GroupInfo">
		</table>
		
		<table tableName="channel_info_v2" domainObjectName="ChannelInfo">
		</table>
		
		<table tableName="channel_interface_cpa_v2" domainObjectName="ChannelInterfaceCpa">
		</table>
		
		<table tableName="channel_interface_cpc_v2" domainObjectName="ChannelInterfaceCpc">
		</table>
		
		<table tableName="cp_info_v2" domainObjectName="CpInfo">
		</table>
		
		<table tableName="cp_interface_info_v2" domainObjectName="CpInterfaceInfo">
		</table> -->
		<!-- <table tableName="adv_info_cpa" domainObjectName="AdvInfoCpa">
		</table> -->
		
		
		<!-- <table tableName="log_cas_check_idfa" domainObjectName="LogCheckIdfa">
		</table> -->
		
		<!-- <table tableName="log_cas_call_adv" domainObjectName="LogCallAdv">
		</table>
		
		<table tableName="log_cas_user_click" domainObjectName="LogUserClick">
		</table> -->
		
		<!-- <table tableName="log_cas_user_active" domainObjectName="LogUserActive">
		</table> -->
		
		<table tableName="fact_short_url" domainObjectName="FactShortUrl">
		</table>
	</context>
</generatorConfiguration> 