<?xml version="1.0" encoding="UTF-8"?>  
<!DOCTYPE generatorConfiguration  
  PUBLIC "-//mybatis.org//DTD MyBatis Generator Configuration 1.0//EN"  
  "http://mybatis.org/dtd/mybatis-generator-config_1_0.dtd">

<generatorConfiguration>
	
	<classPathEntry location="D:/Java/mysql-connector-java-5.1.15/mysql-connector-java-5.1.15-bin.jar" 
		/>

	<context id="MySQLTables" targetRuntime="MyBatis3">

		<plugin type="org.mybatis.generator.plugins.MapperConfigPlugin">
			<property name="fileName" value="MapperConfig.xml" />
			<property name="targetPackage" value="config" />
			<property name="targetProject" value="src/main/resource" />
		</plugin>
		
		<plugin type="com.feinno.mybatis.plugins.ExampleClassPathPlugin">			 
             <property name="enableExamplePath" value="true" />
             <property name="extendExample" value="com.st.framework.module.example.BaseExample" />
		</plugin>
		
		<plugin type="com.feinno.mybatis.plugins.InsertBatchPlugin">			 
             <property name="enable" value="true" />
             
             <property name="targetProject" value="src/main/java" />
             <property name="targetPackage" value="com.st.framework.business.impl" />
             
             <property name="extendModule" value="com.st.framework.module.PersistentObject" /> 
             
             <property name="extendManager" value="com.st.framework.business.BaseManager" />             
             <property name="extendBLOBsManager" value="com.st.framework.business.BaseBLOBsManager" />
             
             <property name="extendMapper" value="com.st.framework.persistence.mapper.BaseMapper" />
             <property name="extendBLOBsMapper" value="com.st.framework.persistence.mapper.BaseBLOBsMapper" />
		</plugin>
		
		<plugin type="org.mybatis.generator.plugins.EqualsHashCodePlugin" />
		
		<commentGenerator>
			<!-- 关闭注解信息 -->
			<property name="suppressAllComments" value="true"/>
			<property name="suppressDate" value="true" />
		</commentGenerator>
		 
		<jdbcConnection driverClass="com.mysql.jdbc.Driver"
			connectionURL="jdbc:mysql://127.0.0.1:3401/st" 
			userId="root"
			password="root">
		</jdbcConnection>

		<javaModelGenerator targetPackage="com.st.framework.module.stock"
			targetProject="src/main/java">
			<property name="enableSubPackages" value="true" />
			<property name="trimStrings" value="true" />
		</javaModelGenerator>

		<sqlMapGenerator targetPackage="com.st.framework.module.stock"
			targetProject="src/main/resource">
			<property name="enableSubPackages" value="true" />
		</sqlMapGenerator>

		<javaClientGenerator type="XMLMAPPER"
			targetPackage="com.st.framework.persistence.mapper.stock"
			targetProject="src/main/java">
			<property name="enableSubPackages" value="true" />

			<property name="enableCountByExample" value="true" />
			<property name="enableSelectByPrimaryKey" value="true" />
			<property name="enableDeleteByPrimaryKey" value="true" />
		</javaClientGenerator>
		
       			
		<!-- <table tableName="FACT_ACTIVE_DATE_ID_INDEX" domainObjectName="FactActiveDateIdIndex">
		</table> -->
		<!-- <table tableName="G_LHB_REPORT" domainObjectName="GLHBReport">
		</table>
		
		<table tableName="G_LHB_SECURITIES" domainObjectName="GLHBSecurities">
		</table>
		
		<table tableName="G_LHB_TOP5" domainObjectName="GLHBTop5">
		</table> -->
		
        <!-- <table tableName="G_IPO" domainObjectName="GIpo">
		</table> -->
		
		<!-- <table tableName="D_STOCK_INDEX" domainObjectName="DStockIndex">
		</table>
		
		<table tableName="G_DETAIL_INDEX" domainObjectName="GDetailIndex">
		</table> -->
		
		<!-- <table tableName="P_MAP" domainObjectName="PMap">
		</table>
		
		<table tableName="P_DATE" domainObjectName="PDate">
		</table>
		
		<table tableName="R_RANGE" domainObjectName="RRange">
		</table> -->
		<!-- <table tableName="D_DIM_RANGE" domainObjectName="DDimRange">
		</table> -->
		
		<!-- <table tableName="R_RANGE" domainObjectName="RRange">
		</table> -->
		
		<!-- <table tableName="P_DATE" domainObjectName="PDate">
		</table>
		
		<table tableName="D_DIM_RANGE" domainObjectName="DDimRange">
		</table> -->
		
		<!-- <table tableName="G_QGQP" domainObjectName="GQgqp">
		</table> -->
		
		<!-- <table tableName="FACT_CHATROOM_OWNER" domainObjectName="FactChatroomOwner">
		</table> -->
		
		<!-- <table tableName="FACT_CHATROOM_CHATS" domainObjectName="FactChatroomChats">
		</table>
		
		<table tableName="FACT_CHATROOM_CHATS_CONTENT" domainObjectName="FactChatroomChatsContent">
		</table> -->
		<table tableName="FACT_THS_CIRCLE_CHAT" domainObjectName="CircleChat">
		</table>
		
		<table tableName="FACT_THS_CIRCLE_CHAT_DETAIL" domainObjectName="CircleChatDetail">
		</table>
		
		<table tableName="FACT_THS_CHATROOM_CHAT" domainObjectName="ChatroomChat">
		</table>
		
		<table tableName="FACT_THS_OWNER" domainObjectName="ThsOwner">
		</table>
		
		<table tableName="FACT_THS_USER" domainObjectName="ThsUser">
		</table>
		
		
	</context>
</generatorConfiguration> 